prompt_id,job_type,status,start_utc,end_utc,exec_seconds,model,loras,width,height,megapixels,steps,reference_image,edit,model_swap,cached_nodes,cache_replay,output_file,in_book
7f5f94e5-3f10-41e4-b1c8-62f89143d21c,klein,success,2026-09-25T11:34:44.197+00:00,2026-09-25T11:35:00.572+00:00,16.38,flux-2-klein-4b.safetensors,,896,1152,1.03,4,False,False,False,0,False,halo_klein_00039_.png,False
8823f6e2-a2fd-4f0b-8de1-977f67431d78,klein,success,2026-09-25T11:35:13.758+00:00,2026-09-25T11:35:22.040+00:00,8.28,flux-2-klein-4b.safetensors,,1344,768,1.03,4,False,False,False,4,False,halo_klein_00040_.png,False
371ed4d8-e2a4-4988-81c4-9053ea503ff6,qwen_edit,success,2026-09-25T11:35:33.408+00:00,2026-09-25T11:36:29.005+00:00,55.6,qwen_image_edit_2511_fp8mixed.safetensors,Qwen-Image-Edit-2511-Lightning-4steps-V1.0-bf16.safetensors,1328,800,1.06,4,False,True,True,0,False,halo_edit_00080_.png,True
e7ac4c4a-c85a-4bd9-a15c-f9b90f6ea2b8,klein,success,2026-09-25T11:36:45.701+00:00,2026-09-25T11:36:58.665+00:00,12.96,flux-2-klein-4b.safetensors,,1344,768,1.03,4,False,False,True,0,False,halo_klein_00041_.png,False
b6acb0c0-e335-4ebf-847f-203e582b7312,klein,success,2026-09-25T11:37:13.555+00:00,2026-09-25T11:37:21.495+00:00,7.94,flux-2-klein-4b.safetensors,,1344,768,1.03,4,False,False,False,6,False,halo_klein_00042_.png,False
da77c039-a3bd-4cc7-abe6-6733e0309a4d,klein,success,2026-09-25T11:37:36.601+00:00,2026-09-25T11:37:45.356+00:00,8.76,flux-2-klein-4b.safetensors,,1344,768,1.03,4,False,False,False,6,False,halo_klein_00043_.png,False
faaab7a1-9c65-4636-a5e6-198511e98c57,qwen_edit,success,2026-09-25T11:37:55.795+00:00,2026-09-25T11:38:50.173+00:00,54.38,qwen_image_edit_2511_fp8mixed.safetensors,Qwen-Image-Edit-2511-Lightning-4steps-V1.0-bf16.safetensors,1328,800,1.06,4,False,True,True,0,False,halo_edit_00081_.png,True
fe9c416c-f9d4-4dc1-9709-fabed5c4629d,klein_ref,success,2026-09-25T11:39:07.182+00:00,2026-09-25T11:39:28.022+00:00,20.84,flux-2-klein-4b.safetensors,,1344,768,1.03,4,True,False,True,0,False,halo_klein_ref_00254_.png,False
f005db54-0c0d-4ad5-8bbf-57773dec84f9,qwen_edit,success,2026-09-25T11:39:58.178+00:00,2026-09-25T11:40:54.821+00:00,56.64,qwen_image_edit_2511_fp8mixed.safetensors,Qwen-Image-Edit-2511-Lightning-4steps-V1.0-bf16.safetensors,1328,800,1.06,4,False,True,True,0,False,halo_edit_00082_.png,False
72a966b4-5f5b-4a0d-8eb1-5a32f18e311e,klein_ref,success,2026-09-25T11:41:13.684+00:00,2026-09-25T11:41:34.858+00:00,21.17,flux-2-klein-4b.safetensors,,1344,768,1.03,4,True,False,True,0,False,halo_klein_ref_00255_.png,True
5ae398c2-6acf-429f-be68-be1b98720f3a,klein_ref,success,2026-09-25T11:41:52.827+00:00,2026-09-25T11:42:09.458+00:00,16.63,flux-2-klein-4b.safetensors,,1344,768,1.03,4,True,False,False,6,False,halo_klein_ref_00256_.png,True
7d200e2a-375e-435d-a671-c91067505ccc,klein_ref,success,2026-09-25T11:42:25.672+00:00,2026-09-25T11:42:42.264+00:00,16.59,flux-2-klein-4b.safetensors,,1344,768,1.03,4,True,False,False,6,False,halo_klein_ref_00257_.png,False
f43275f5-05b7-436e-95cb-98119980b690,klein_ref,success,2026-09-25T11:42:57.906+00:00,2026-09-25T11:43:14.609+00:00,16.7,flux-2-klein-4b.safetensors,,1344,768,1.03,4,True,False,False,6,False,halo_klein_ref_00258_.png,False
4222e89b-9cd3-4528-92ed-c3d04fd2b875,klein_ref,success,2026-09-25T11:43:29.984+00:00,2026-09-25T11:43:46.431+00:00,16.45,flux-2-klein-4b.safetensors,,1344,768,1.03,4,True,False,False,6,False,halo_klein_ref_00259_.png,True
a84aecaf-a595-4db8-84d1-9c5003265dc2,klein_ref,success,2026-09-25T11:44:01.636+00:00,2026-09-25T11:44:17.919+00:00,16.28,flux-2-klein-4b.safetensors,,1344,768,1.03,4,True,False,False,6,False,halo_klein_ref_00260_.png,False
8659d78b-6810-472c-94e0-1bdae2f246a0,klein_ref,success,2026-09-25T11:44:32.277+00:00,2026-09-25T11:44:48.503+00:00,16.23,flux-2-klein-4b.safetensors,,1344,768,1.03,4,True,False,False,6,False,halo_klein_ref_00261_.png,False
2250c65e-8ac2-4a29-9378-bb0ecb30d365,klein_ref,success,2026-09-25T11:45:30.047+00:00,2026-09-25T11:45:46.262+00:00,16.21,flux-2-klein-4b.safetensors,,1344,768,1.03,4,True,False,False,6,False,halo_klein_ref_00262_.png,True
36bfc06d-aae3-460f-a0b6-bea91933059c,klein,success,2026-09-25T11:46:00.642+00:00,2026-09-25T11:46:09.213+00:00,8.57,flux-2-klein-4b.safetensors,,1344,768,1.03,4,False,False,False,6,False,halo_klein_00044_.png,True
1502e0f2-f6d4-4e75-b491-cff25270562f,klein_ref,success,2026-09-25T11:46:37.603+00:00,2026-09-25T11:46:54.551+00:00,16.95,flux-2-klein-4b.safetensors,,1344,768,1.03,4,True,False,False,6,False,halo_klein_ref_00263_.png,False
c4a9efce-5c4d-4fe0-9089-70f04ee1f76c,klein_ref,success,2026-09-25T11:47:12.661+00:00,2026-09-25T11:47:29.695+00:00,17.03,flux-2-klein-4b.safetensors,,1344,768,1.03,4,True,False,False,6,False,halo_klein_ref_00264_.png,False
d6799cc6-89d4-4542-ba53-fb389f75268f,klein_ref,success,2026-09-25T11:47:50.495+00:00,2026-09-25T11:48:07.092+00:00,16.6,flux-2-klein-4b.safetensors,,1344,768,1.03,4,True,False,False,6,False,halo_klein_ref_00265_.png,True
64bd46a0-d342-4fa6-92da-36e0ab2a7fb0,klein,success,2026-09-25T11:48:22.315+00:00,2026-09-25T11:48:30.815+00:00,8.5,flux-2-klein-4b.safetensors,,1344,768,1.03,4,False,False,False,6,False,halo_klein_00045_.png,False
e0e81535-8d92-4031-9c8c-902a3ced56c3,klein,success,2026-09-25T11:48:46.206+00:00,2026-09-25T11:48:54.788+00:00,8.58,flux-2-klein-4b.safetensors,,1344,768,1.03,4,False,False,False,6,False,halo_klein_00046_.png,False
32670698-a9f3-4ce3-aa4e-f57e3380a7ee,klein,success,2026-09-25T11:49:12.026+00:00,2026-09-25T11:49:20.630+00:00,8.6,flux-2-klein-4b.safetensors,,1344,768,1.03,4,False,False,False,6,False,halo_klein_00047_.png,False
f188040d-3b44-4f29-a48f-9d9124e99b02,klein,success,2026-09-25T11:49:37.314+00:00,2026-09-25T11:49:46.002+00:00,8.69,flux-2-klein-4b.safetensors,,1344,768,1.03,4,False,False,False,6,False,halo_klein_00048_.png,False
106ce2d1-e70a-4a27-8179-569bd9040f2c,klein,success,2026-09-25T11:50:01.791+00:00,2026-09-25T11:50:10.527+00:00,8.74,flux-2-klein-4b.safetensors,,1344,768,1.03,4,False,False,False,7,False,halo_klein_00049_.png,False
9abbbb51-36cc-49c1-b7f9-52368d2f468c,qwen_edit,success,2026-09-25T11:50:44.976+00:00,2026-09-25T11:51:41.704+00:00,56.73,qwen_image_edit_2511_fp8mixed.safetensors,Qwen-Image-Edit-2511-Lightning-4steps-V1.0-bf16.safetensors,1328,800,1.06,4,False,True,True,0,False,halo_edit_00083_.png,True
10178903-5a0b-461a-ae1f-321f688e462c,klein_ref,success,2026-09-25T11:51:59.734+00:00,2026-09-25T11:52:20.849+00:00,21.11,flux-2-klein-4b.safetensors,,1344,768,1.03,4,True,False,True,0,False,halo_klein_ref_00266_.png,False
222346e3-9b33-4d72-ae4c-fd577f37ea40,klein_ref,success,2026-09-25T11:52:37.428+00:00,2026-09-25T11:52:53.491+00:00,16.06,flux-2-klein-4b.safetensors,,1344,768,1.03,4,True,False,False,6,False,halo_klein_ref_00267_.png,False
c5667f76-1e03-4d9b-a76d-63cbd26f7b9a,klein_ref,success,2026-09-25T11:53:11.570+00:00,2026-09-25T11:53:27.790+00:00,16.22,flux-2-klein-4b.safetensors,,1344,768,1.03,4,True,False,False,6,False,halo_klein_ref_00268_.png,True
b094e620-4a69-447e-b2e3-e71cbbb60ac6,klein_ref,success,2026-09-25T11:53:44.796+00:00,2026-09-25T11:54:01.381+00:00,16.59,flux-2-klein-4b.safetensors,,1344,768,1.03,4,True,False,False,6,False,halo_klein_ref_00269_.png,False
5b12befb-db15-416d-ad8e-334f3718a5d2,qwen_edit,success,2026-09-25T11:54:41.227+00:00,2026-09-25T11:55:38.986+00:00,57.76,qwen_image_edit_2511_fp8mixed.safetensors,Qwen-Image-Edit-2511-Lightning-4steps-V1.0-bf16.safetensors,1328,800,1.06,4,False,True,True,0,False,halo_edit_00084_.png,False
c7037207-a153-40a9-860e-dda7871e1b19,klein_ref,success,2026-09-25T11:55:53.714+00:00,2026-09-25T11:56:15.352+00:00,21.64,flux-2-klein-4b.safetensors,,1344,768,1.03,4,True,False,True,0,False,halo_klein_ref_00270_.png,False
21e32337-f225-4c0f-a7ff-ad21e9dbc06d,qwen_edit,success,2026-09-25T11:56:27.609+00:00,2026-09-25T11:57:24.581+00:00,56.97,qwen_image_edit_2511_fp8mixed.safetensors,Qwen-Image-Edit-2511-Lightning-4steps-V1.0-bf16.safetensors,1328,800,1.06,4,False,True,True,0,False,halo_edit_00085_.png,True
eb92cb86-067f-4d06-8921-12b4ad5922ba,klein_ref,success,2026-09-25T11:57:47.007+00:00,2026-09-25T11:58:08.365+00:00,21.36,flux-2-klein-4b.safetensors,,1344,768,1.03,4,True,False,True,0,False,halo_klein_ref_00271_.png,False
c8912504-0a06-462d-b10f-510d5c5ea90b,qwen_edit,success,2026-09-25T11:58:21.170+00:00,2026-09-25T11:59:17.321+00:00,56.15,qwen_image_edit_2511_fp8mixed.safetensors,Qwen-Image-Edit-2511-Lightning-4steps-V1.0-bf16.safetensors,1328,800,1.06,4,False,True,True,0,False,halo_edit_00086_.png,True
34e0c605-377d-4dfb-9848-0697ee20faf3,klein,success,2026-09-25T11:59:30.312+00:00,2026-09-25T11:59:43.440+00:00,13.13,flux-2-klein-4b.safetensors,,1344,768,1.03,4,False,False,True,0,False,halo_klein_00050_.png,True
950eda0a-e397-4f6f-9e06-8ef84f9bf3ff,qwen_edit,success,2026-09-25T12:00:15.477+00:00,2026-09-25T12:01:11.848+00:00,56.37,qwen_image_edit_2511_fp8mixed.safetensors,Qwen-Image-Edit-2511-Lightning-4steps-V1.0-bf16.safetensors,1328,800,1.06,4,False,True,True,0,False,halo_edit_00087_.png,False
6d1611e7-60b9-4208-a855-f7fcee6802a8,klein,success,2026-09-25T12:01:27.355+00:00,2026-09-25T12:01:40.811+00:00,13.46,flux-2-klein-4b.safetensors,,1344,768,1.03,4,False,False,True,0,False,halo_klein_00051_.png,False
643e4fb2-97d7-4ad6-8299-cf0e8f7a52bc,klein_ref,success,2026-09-25T12:02:01.070+00:00,2026-09-25T12:02:17.960+00:00,16.89,flux-2-klein-4b.safetensors,,1344,768,1.03,4,True,False,False,6,False,halo_klein_ref_00272_.png,False
a2b27eb8-5aee-4b7b-b71b-b90f19f04f83,klein_ref,success,2026-09-25T12:02:32.487+00:00,2026-09-25T12:02:49.156+00:00,16.67,flux-2-klein-4b.safetensors,,1344,768,1.03,4,True,False,False,6,False,halo_klein_ref_00273_.png,False
094c4673-d130-4c15-9d7c-3aca9e6a21a0,klein_ref,success,2026-09-25T12:03:26.385+00:00,2026-09-25T12:03:42.581+00:00,16.2,flux-2-klein-4b.safetensors,,1344,768,1.03,4,True,False,False,6,False,halo_klein_ref_00274_.png,True
ad126cc1-1e0c-41ea-a072-bbb8af30f913,klein_ref,success,2026-09-25T12:04:02.075+00:00,2026-09-25T12:04:18.501+00:00,16.43,flux-2-klein-4b.safetensors,,1344,768,1.03,4,True,False,False,6,False,halo_klein_ref_00275_.png,False
1854beee-8e78-4578-85e3-62a341a87430,qwen_edit,success,2026-09-25T12:04:31.686+00:00,2026-09-25T12:05:29.182+00:00,57.5,qwen_image_edit_2511_fp8mixed.safetensors,Qwen-Image-Edit-2511-Lightning-4steps-V1.0-bf16.safetensors,1328,800,1.06,4,False,True,True,0,False,halo_edit_00088_.png,True
33f44eda-964a-4d63-a070-13580a37e57d,klein_ref,success,2026-09-25T12:05:45.143+00:00,2026-09-25T12:06:06.252+00:00,21.11,flux-2-klein-4b.safetensors,,1344,768,1.03,4,True,False,True,0,False,halo_klein_ref_00276_.png,False
0ba3f7b3-402c-4fcc-b8d2-692557ef503c,klein_ref,success,2026-09-25T12:06:21.300+00:00,2026-09-25T12:06:38.188+00:00,16.89,flux-2-klein-4b.safetensors,,1344,768,1.03,4,True,False,False,6,False,halo_klein_ref_00277_.png,False
89f89762-4b7a-413f-af5d-e3911d938808,qwen_edit,success,2026-09-25T12:06:53.499+00:00,2026-09-25T12:07:51.018+00:00,57.52,qwen_image_edit_2511_fp8mixed.safetensors,Qwen-Image-Edit-2511-Lightning-4steps-V1.0-bf16.safetensors,1328,800,1.06,4,False,True,True,0,False,halo_edit_00089_.png,True
de95954b-aa00-4224-9981-5a37e5de3b43,klein_ref,success,2026-09-25T12:09:00.317+00:00,2026-09-25T12:09:21.476+00:00,21.16,flux-2-klein-4b.safetensors,,1344,768,1.03,4,True,False,True,0,False,halo_klein_ref_00278_.png,False
185f565b-558d-4b54-87f1-7b96d0ae8681,klein_ref,success,2026-09-25T12:09:39.081+00:00,2026-09-25T12:09:55.511+00:00,16.43,flux-2-klein-4b.safetensors,,1344,768,1.03,4,True,False,False,6,False,halo_klein_ref_00279_.png,True
f5841bbd-d922-4c3b-a0dc-3c6c5427757b,klein_ref,success,2026-09-25T12:10:32.971+00:00,2026-09-25T12:10:49.649+00:00,16.68,flux-2-klein-4b.safetensors,,1344,768,1.03,4,True,False,False,6,False,halo_klein_ref_00280_.png,False
3299af24-9453-4a8f-81fe-d3021c819307,klein_ref,success,2026-09-25T12:11:27.658+00:00,2026-09-25T12:11:44.259+00:00,16.6,flux-2-klein-4b.safetensors,,1344,768,1.03,4,True,False,False,6,False,halo_klein_ref_00281_.png,False
b0f8ffb4-a28f-44aa-825c-981743acddfe,klein_ref,success,2026-09-25T12:12:01.720+00:00,2026-09-25T12:12:18.497+00:00,16.78,flux-2-klein-4b.safetensors,,1344,768,1.03,4,True,False,False,6,False,halo_klein_ref_00282_.png,False
6cda88ba-8bb4-4526-aadc-ea82ce474485,qwen_edit,success,2026-09-25T12:12:31.746+00:00,2026-09-25T12:13:28.412+00:00,56.67,qwen_image_edit_2511_fp8mixed.safetensors,Qwen-Image-Edit-2511-Lightning-4steps-V1.0-bf16.safetensors,1328,800,1.06,4,False,True,True,0,False,halo_edit_00090_.png,True
2e5db439-92f4-4057-81a1-786e6f2d1029,klein_ref,success,2026-09-25T12:13:51.598+00:00,2026-09-25T12:14:13.404+00:00,21.81,flux-2-klein-4b.safetensors,,1344,768,1.03,4,True,False,True,0,False,halo_klein_ref_00283_.png,False
e30ba2ac-993c-4634-8080-adbc21a9dcc1,klein_ref,success,2026-09-25T12:14:31.312+00:00,2026-09-25T12:14:48.262+00:00,16.95,flux-2-klein-4b.safetensors,,1344,768,1.03,4,True,False,False,6,False,halo_klein_ref_00284_.png,False
335fdbff-6de9-40c9-bf2d-da01a02daf8b,qwen_edit,success,2026-09-25T12:15:26.813+00:00,2026-09-25T12:16:23.533+00:00,56.72,qwen_image_edit_2511_fp8mixed.safetensors,Qwen-Image-Edit-2511-Lightning-4steps-V1.0-bf16.safetensors,1328,800,1.06,4,False,True,True,0,False,halo_edit_00091_.png,True
2fdb37ae-8e66-45b0-8466-e4b9a8a4c5fa,klein_ref,success,2026-09-25T12:17:07.505+00:00,2026-09-25T12:17:28.842+00:00,21.34,flux-2-klein-4b.safetensors,,1344,768,1.03,4,True,False,True,0,False,halo_klein_ref_00285_.png,False
db3a2a3f-6161-4fa1-9d71-3c51f643e87a,klein_ref,success,2026-09-25T12:17:46.227+00:00,2026-09-25T12:18:02.797+00:00,16.57,flux-2-klein-4b.safetensors,,1344,768,1.03,4,True,False,False,6,False,halo_klein_ref_00286_.png,True
bb54917a-3c96-41c7-ae9b-13f2a0fb14a3,klein_ref,success,2026-09-25T12:18:27.627+00:00,2026-09-25T12:18:44.054+00:00,16.43,flux-2-klein-4b.safetensors,,1344,768,1.03,4,True,False,False,6,False,halo_klein_ref_00287_.png,False
5654bbbf-05c3-4ad8-84c8-cc98f1ece6f5,klein_ref,success,2026-09-25T12:19:03.909+00:00,2026-09-25T12:19:20.641+00:00,16.73,flux-2-klein-4b.safetensors,,1344,768,1.03,4,True,False,False,6,False,halo_klein_ref_00288_.png,True
a40a8e25-1e30-4568-b7b2-8c571c4f465b,klein_ref,success,2026-09-25T12:19:59.172+00:00,2026-09-25T12:20:15.159+00:00,15.99,flux-2-klein-4b.safetensors,,1344,768,1.03,4,True,False,False,6,False,halo_klein_ref_00289_.png,True
94ec0803-91c1-4a21-a7ce-5950da55d48a,klein,success,2026-09-25T12:20:31.599+00:00,2026-09-25T12:20:40.592+00:00,8.99,flux-2-klein-4b.safetensors,,1344,768,1.03,4,False,False,False,6,False,halo_klein_00052_.png,False
dda8d637-6e2a-4142-8e0a-c51c2d0616f4,klein,success,2026-09-25T12:20:56.991+00:00,2026-09-25T12:21:05.583+00:00,8.59,flux-2-klein-4b.safetensors,,1344,768,1.03,4,False,False,False,6,False,halo_klein_00053_.png,False
cd5dccd2-4d87-4742-af93-876b0138dcad,klein,success,2026-09-25T12:21:22.738+00:00,2026-09-25T12:21:31.004+00:00,8.27,flux-2-klein-4b.safetensors,,1344,768,1.03,4,False,False,False,6,False,halo_klein_00054_.png,False
b9f95450-245a-4855-b767-9c881bcf33e6,klein,success,2026-09-25T12:21:53.566+00:00,2026-09-25T12:22:01.986+00:00,8.42,flux-2-klein-4b.safetensors,,1344,768,1.03,4,False,False,False,6,False,halo_klein_00055_.png,False
2e658d97-1971-4cfe-9d70-f2f64a412549,qwen_edit,success,2026-09-25T12:22:16.279+00:00,2026-09-25T12:23:13.740+00:00,57.46,qwen_image_edit_2511_fp8mixed.safetensors,Qwen-Image-Edit-2511-Lightning-4steps-V1.0-bf16.safetensors,1328,800,1.06,4,False,True,True,0,False,halo_edit_00092_.png,True
f519dfc3-acea-44e3-9b81-acc74cb4386c,klein_ref,success,2026-09-25T12:23:34.140+00:00,2026-09-25T12:23:55.551+00:00,21.41,flux-2-klein-4b.safetensors,,1344,768,1.03,4,True,False,True,0,False,halo_klein_ref_00290_.png,False
251ebb01-6c7b-45de-a58c-170e6a10c172,klein_ref,success,2026-09-25T12:24:08.255+00:00,2026-09-25T12:24:24.678+00:00,16.42,flux-2-klein-4b.safetensors,,1344,768,1.03,4,True,False,False,6,False,halo_klein_ref_00291_.png,False
11fbec05-35f8-4cca-9aa0-4496dea736e6,qwen_edit,success,2026-09-25T12:24:56.393+00:00,2026-09-25T12:25:53.113+00:00,56.72,qwen_image_edit_2511_fp8mixed.safetensors,Qwen-Image-Edit-2511-Lightning-4steps-V1.0-bf16.safetensors,1328,800,1.06,4,False,True,True,0,False,halo_edit_00093_.png,False
f8cac896-dd1e-47f6-a6e6-f792486289d0,klein_ref,success,2026-09-25T12:26:08.583+00:00,2026-09-25T12:26:30.051+00:00,21.47,flux-2-klein-4b.safetensors,,1344,768,1.03,4,True,False,True,0,False,halo_klein_ref_00292_.png,True
74672653-c399-4e1f-aed3-502277385bc0,klein_ref,success,2026-09-25T12:26:48.623+00:00,2026-09-25T12:27:05.236+00:00,16.61,flux-2-klein-4b.safetensors,,1344,768,1.03,4,True,False,False,6,False,halo_klein_ref_00293_.png,False
eda838ac-e582-425d-9871-a061a3899f49,klein_ref,success,2026-09-25T12:27:18.118+00:00,2026-09-25T12:27:35.124+00:00,17.01,flux-2-klein-4b.safetensors,,1344,768,1.03,4,True,False,False,6,False,halo_klein_ref_00294_.png,True
c6e5022d-3d81-496a-a294-fe4f074e39e1,klein_ref,success,2026-09-25T12:27:48.123+00:00,2026-09-25T12:28:05.003+00:00,16.88,flux-2-klein-4b.safetensors,,1344,768,1.03,4,True,False,False,6,False,halo_klein_ref_00295_.png,False
eaf97983-bef9-4892-aa9d-8a43d70fa940,klein_ref,success,2026-09-25T12:28:18.056+00:00,2026-09-25T12:28:35.126+00:00,17.07,flux-2-klein-4b.safetensors,,1344,768,1.03,4,True,False,False,6,False,halo_klein_ref_00296_.png,False
69d44de3-8502-4b31-90ca-f1cde9c08b55,qwen_edit,success,2026-09-25T12:28:46.674+00:00,2026-09-25T12:29:43.635+00:00,56.96,qwen_image_edit_2511_fp8mixed.safetensors,Qwen-Image-Edit-2511-Lightning-4steps-V1.0-bf16.safetensors,1328,800,1.06,4,False,True,True,0,False,halo_edit_00094_.png,False
ef4e5ea4-eb29-42e6-9347-67f3be0dfff4,klein_ref,success,2026-09-25T12:29:57.116+00:00,2026-09-25T12:30:18.759+00:00,21.64,flux-2-klein-4b.safetensors,,1344,768,1.03,4,True,False,True,0,False,halo_klein_ref_00297_.png,True
91700606-9ed4-44a4-b63a-a3ffb6a15da1,klein_ref,success,2026-09-25T12:30:39.771+00:00,2026-09-25T12:30:56.637+00:00,16.87,flux-2-klein-4b.safetensors,,1344,768,1.03,4,True,False,False,6,False,halo_klein_ref_00298_.png,False
1734f631-8fd3-4f4c-8614-1e680defbbd3,klein_ref,success,2026-09-25T12:31:33.780+00:00,2026-09-25T12:31:50.341+00:00,16.56,flux-2-klein-4b.safetensors,,1344,768,1.03,4,True,False,False,6,False,halo_klein_ref_00299_.png,True
a5965ccf-8aae-4808-9b0d-4baccb07485b,klein,success,2026-09-25T12:32:04.511+00:00,2026-09-25T12:32:13.258+00:00,8.75,flux-2-klein-4b.safetensors,,1344,768,1.03,4,False,False,False,6,False,halo_klein_00056_.png,True
3d6ec9f1-6c84-495f-910e-a4862a86aa67,klein_ref,success,2026-09-25T12:33:00.423+00:00,2026-09-25T12:33:16.647+00:00,16.22,flux-2-klein-4b.safetensors,,1344,768,1.03,4,True,False,False,6,False,halo_klein_ref_00300_.png,False
89e5a475-1e4d-4736-90fa-41328f935d66,klein_ref,success,2026-09-25T12:33:32.414+00:00,2026-09-25T12:33:48.933+00:00,16.52,flux-2-klein-4b.safetensors,,1344,768,1.03,4,True,False,False,6,False,halo_klein_ref_00301_.png,False
1456dc6b-262f-4629-aaeb-f0d218f3e51b,qwen_edit,success,2026-09-25T12:34:01.361+00:00,2026-09-25T12:34:58.107+00:00,56.75,qwen_image_edit_2511_fp8mixed.safetensors,Qwen-Image-Edit-2511-Lightning-4steps-V1.0-bf16.safetensors,1328,800,1.06,4,False,True,True,0,False,halo_edit_00095_.png,True
befc7f40-6337-42f8-8974-46cd65c67611,klein_ref,success,2026-09-25T12:35:19.279+00:00,2026-09-25T12:35:40.749+00:00,21.47,flux-2-klein-4b.safetensors,,1344,768,1.03,4,True,False,True,0,False,halo_klein_ref_00302_.png,False
63b66ab2-92fe-41e3-a9e9-09333789a611,klein_ref,success,2026-09-25T12:35:56.111+00:00,2026-09-25T12:36:12.750+00:00,16.64,flux-2-klein-4b.safetensors,,1344,768,1.03,4,True,False,False,6,False,halo_klein_ref_00303_.png,False
02c136d4-4cf3-47c5-aa2e-d44782941fe1,klein_ref,success,2026-09-25T12:36:29.090+00:00,2026-09-25T12:36:46.363+00:00,17.27,flux-2-klein-4b.safetensors,,1344,768,1.03,4,True,False,False,6,False,halo_klein_ref_00304_.png,False
e84463fd-9d6f-4787-92f2-186b01ca8817,klein_ref,success,2026-09-25T12:37:01.852+00:00,2026-09-25T12:37:18.589+00:00,16.74,flux-2-klein-4b.safetensors,,1344,768,1.03,4,True,False,False,6,False,halo_klein_ref_00305_.png,False
cf5acf14-16f1-4b14-9c66-83f426ee33e2,qwen_edit,success,2026-09-25T12:37:34.261+00:00,2026-09-25T12:38:31.240+00:00,56.98,qwen_image_edit_2511_fp8mixed.safetensors,Qwen-Image-Edit-2511-Lightning-4steps-V1.0-bf16.safetensors,1328,800,1.06,4,False,True,True,0,False,halo_edit_00096_.png,True
d545365d-8e55-484b-a94b-0fda4072f8d5,klein_ref,success,2026-09-25T12:38:54.323+00:00,2026-09-25T12:39:15.956+00:00,21.63,flux-2-klein-4b.safetensors,,1344,768,1.03,4,True,False,True,0,False,halo_klein_ref_00306_.png,False
b5e6c321-06ec-4583-be17-2ad1cd0d0450,klein_ref,success,2026-09-25T12:39:31.048+00:00,2026-09-25T12:39:47.837+00:00,16.79,flux-2-klein-4b.safetensors,,1344,768,1.03,4,True,False,False,6,False,halo_klein_ref_00307_.png,True
91f29da2-ffaa-4440-9c5b-ffe65be36d29,klein_ref,success,2026-09-25T12:40:04.714+00:00,2026-09-25T12:40:21.826+00:00,17.11,flux-2-klein-4b.safetensors,,1344,768,1.03,4,True,False,False,6,False,halo_klein_ref_00308_.png,False
ff087134-bfa0-4f2a-9145-7fef6f407fb7,klein_ref,success,2026-09-25T12:40:37.100+00:00,2026-09-25T12:40:53.538+00:00,16.44,flux-2-klein-4b.safetensors,,1344,768,1.03,4,True,False,False,6,False,halo_klein_ref_00309_.png,False
b72f51cf-a247-44b2-a826-6830cfbf1d56,qwen_edit,success,2026-09-25T12:41:07.512+00:00,2026-09-25T12:42:05.246+00:00,57.73,qwen_image_edit_2511_fp8mixed.safetensors,Qwen-Image-Edit-2511-Lightning-4steps-V1.0-bf16.safetensors,1328,800,1.06,4,False,True,True,0,False,halo_edit_00097_.png,True
bc2992ba-1a0a-46e0-98ea-edd08af3098c,klein_ref,success,2026-09-25T12:42:25.214+00:00,2026-09-25T12:42:46.099+00:00,20.89,flux-2-klein-4b.safetensors,,1344,768,1.03,4,True,False,True,0,False,halo_klein_ref_00310_.png,False
dca1e08e-bc0e-47e6-886f-045b688dbba8,klein_ref,success,2026-09-25T12:43:01.857+00:00,2026-09-25T12:43:18.196+00:00,16.34,flux-2-klein-4b.safetensors,,1344,768,1.03,4,True,False,False,6,False,halo_klein_ref_00311_.png,True
488b6fa1-5798-47fa-8ffa-252782ae8e1c,klein,success,2026-09-25T12:43:33.990+00:00,2026-09-25T12:43:42.651+00:00,8.66,flux-2-klein-4b.safetensors,,1344,768,1.03,4,False,False,False,6,False,halo_klein_00057_.png,True
45e87a7d-303b-426e-ae46-a0a2277b78d4,klein_ref,success,2026-09-25T12:44:00.153+00:00,2026-09-25T12:44:17.031+00:00,16.88,flux-2-klein-4b.safetensors,,1344,768,1.03,4,True,False,False,6,False,halo_klein_ref_00312_.png,False
cabc4714-29fd-4e42-956d-722cfa7e945c,qwen_edit,success,2026-09-25T12:44:35.637+00:00,2026-09-25T12:45:32.447+00:00,56.81,qwen_image_edit_2511_fp8mixed.safetensors,Qwen-Image-Edit-2511-Lightning-4steps-V1.0-bf16.safetensors,1328,800,1.06,4,False,True,True,0,False,halo_edit_00098_.png,True
9774db5f-1f87-4c87-9808-2c6d612b4d8b,klein_ref,success,2026-09-25T12:45:53.740+00:00,2026-09-25T12:46:14.703+00:00,20.96,flux-2-klein-4b.safetensors,,1344,768,1.03,4,True,False,True,0,False,halo_klein_ref_00313_.png,False
dcf8a937-79df-4cd2-9287-44041d616db8,qwen_edit,success,2026-09-25T12:46:32.915+00:00,2026-09-25T12:47:30.904+00:00,57.99,qwen_image_edit_2511_fp8mixed.safetensors,Qwen-Image-Edit-2511-Lightning-4steps-V1.0-bf16.safetensors,1328,800,1.06,4,False,True,True,0,False,halo_edit_00099_.png,True
e529f70c-8ffc-41bf-b453-9fbab06bddcb,klein_ref,success,2026-09-25T12:47:49.250+00:00,2026-09-25T12:48:10.724+00:00,21.47,flux-2-klein-4b.safetensors,,1344,768,1.03,4,True,False,True,0,False,halo_klein_ref_00314_.png,False
371575b3-c223-421b-8481-d95371b124f4,klein_ref,success,2026-09-25T12:48:28.357+00:00,2026-09-25T12:48:45.183+00:00,16.83,flux-2-klein-4b.safetensors,,1344,768,1.03,4,True,False,False,6,False,halo_klein_ref_00315_.png,False
df9b269f-56c0-4398-8de9-5696406f13ee,qwen_edit,success,2026-09-25T12:48:58.037+00:00,2026-09-25T12:49:54.372+00:00,56.34,qwen_image_edit_2511_fp8mixed.safetensors,Qwen-Image-Edit-2511-Lightning-4steps-V1.0-bf16.safetensors,1328,800,1.06,4,False,True,True,0,False,halo_edit_00100_.png,True
b3703259-7dad-4563-9369-bc5756c8193a,klein_ref,success,2026-09-25T12:50:18.011+00:00,2026-09-25T12:50:39.209+00:00,21.2,flux-2-klein-4b.safetensors,,1344,768,1.03,4,True,False,True,0,False,halo_klein_ref_00316_.png,False
c4d220b3-b060-4ee8-9a0d-15e3faf6a53a,klein_ref,success,2026-09-25T12:50:56.631+00:00,2026-09-25T12:51:13.374+00:00,16.74,flux-2-klein-4b.safetensors,,1344,768,1.03,4,True,False,False,6,False,halo_klein_ref_00317_.png,False
61fb2555-1f5f-42ca-a53e-5d13ea4a80fa,klein_ref,success,2026-09-25T12:51:34.242+00:00,2026-09-25T12:51:50.583+00:00,16.34,flux-2-klein-4b.safetensors,,1344,768,1.03,4,True,False,False,6,False,halo_klein_ref_00318_.png,True
d765f4ad-6814-4d01-85c9-1f6b9b3f821d,klein_ref,success,2026-09-25T12:52:04.442+00:00,2026-09-25T12:52:20.946+00:00,16.5,flux-2-klein-4b.safetensors,,1344,768,1.03,4,True,False,False,6,False,halo_klein_ref_00319_.png,True
3ba62115-fdd8-4955-8cbf-b2dc1d201bec,klein_ref,success,2026-09-25T12:52:36.924+00:00,2026-09-25T12:52:53.706+00:00,16.78,flux-2-klein-4b.safetensors,,1344,768,1.03,4,True,False,False,6,False,halo_klein_ref_00320_.png,True
e2baf8e2-11f8-44ed-90df-92b6e46634cd,klein_ref,success,2026-09-25T12:53:09.789+00:00,2026-09-25T12:53:26.802+00:00,17.01,flux-2-klein-4b.safetensors,,1344,768,1.03,4,True,False,False,6,False,halo_klein_ref_00321_.png,False
fefb1179-ac5f-42e1-a9ed-00e94ae0d01e,klein_ref,success,2026-09-25T12:53:41.641+00:00,2026-09-25T12:53:58.396+00:00,16.75,flux-2-klein-4b.safetensors,,1344,768,1.03,4,True,False,False,6,False,halo_klein_ref_00322_.png,False
f63ac639-d8ba-47a0-b3bb-6df96d265c8d,qwen_edit,success,2026-09-25T12:54:10.314+00:00,2026-09-25T12:55:09.549+00:00,59.23,qwen_image_edit_2511_fp8mixed.safetensors,Qwen-Image-Edit-2511-Lightning-4steps-V1.0-bf16.safetensors,1328,800,1.06,4,False,True,True,0,False,halo_edit_00101_.png,False
ab6f1fd9-72c0-40b4-9440-3524d354a7c0,klein_ref,success,2026-09-25T12:55:25.797+00:00,2026-09-25T12:55:47.337+00:00,21.54,flux-2-klein-4b.safetensors,,1344,768,1.03,4,True,False,True,0,False,halo_klein_ref_00323_.png,False
32934b7a-9d61-40a9-84f6-d4d7ea3b4631,qwen_edit,success,2026-09-25T12:56:03.011+00:00,2026-09-25T12:56:59.965+00:00,56.95,qwen_image_edit_2511_fp8mixed.safetensors,Qwen-Image-Edit-2511-Lightning-4steps-V1.0-bf16.safetensors,1328,800,1.06,4,False,True,True,0,False,halo_edit_00102_.png,True
f5633bc6-6f71-4608-ac4a-35faebfe2399,klein_ref,success,2026-09-25T12:57:21.296+00:00,2026-09-25T12:57:42.052+00:00,20.76,flux-2-klein-4b.safetensors,,1344,768,1.03,4,True,False,True,0,False,halo_klein_ref_00324_.png,False
45690187-3680-44fa-becb-cdcbfa15c8b0,qwen_edit,success,2026-09-25T12:57:53.629+00:00,2026-09-25T12:58:50.623+00:00,56.99,qwen_image_edit_2511_fp8mixed.safetensors,Qwen-Image-Edit-2511-Lightning-4steps-V1.0-bf16.safetensors,1328,800,1.06,4,False,True,True,0,False,halo_edit_00103_.png,True
129be2fa-9794-4923-a659-277e7d8248d3,klein_ref,success,2026-09-25T12:59:06.633+00:00,2026-09-25T12:59:27.482+00:00,20.85,flux-2-klein-4b.safetensors,,1344,768,1.03,4,True,False,True,0,False,halo_klein_ref_00325_.png,False
eb81eca7-1613-4aec-9931-ad89585b4fe7,qwen_edit,success,2026-09-25T12:59:40.433+00:00,2026-09-25T13:00:36.968+00:00,56.53,qwen_image_edit_2511_fp8mixed.safetensors,Qwen-Image-Edit-2511-Lightning-4steps-V1.0-bf16.safetensors,1328,800,1.06,4,False,True,True,0,False,halo_edit_00104_.png,False
8be3e301-1920-4340-823f-ed306e5a8f68,klein_ref,success,2026-09-25T13:00:51.508+00:00,2026-09-25T13:01:12.674+00:00,21.17,flux-2-klein-4b.safetensors,,1344,768,1.03,4,True,False,True,0,False,halo_klein_ref_00326_.png,True
978b175f-cd03-4575-b1fe-1c145e7acfd1,klein_ref,success,2026-09-25T13:01:53.174+00:00,2026-09-25T13:02:09.714+00:00,16.54,flux-2-klein-4b.safetensors,,1344,768,1.03,4,True,False,False,6,False,halo_klein_ref_00327_.png,True
bfa3fafa-0f40-439c-91ac-53026e5ddd54,klein_ref,success,2026-09-25T13:02:45.802+00:00,2026-09-25T13:03:02.341+00:00,16.54,flux-2-klein-4b.safetensors,,1344,768,1.03,4,True,False,False,6,False,halo_klein_ref_00328_.png,False
5c0309d8-f438-404d-823e-786f11bcb9f8,qwen_edit,success,2026-09-25T13:03:35.541+00:00,2026-09-25T13:04:32.404+00:00,56.86,qwen_image_edit_2511_fp8mixed.safetensors,Qwen-Image-Edit-2511-Lightning-4steps-V1.0-bf16.safetensors,1328,800,1.06,4,False,True,True,0,False,halo_edit_00105_.png,False
e10670fe-de84-4198-b54d-d501c1b4daf6,klein_ref,success,2026-09-25T13:04:47.594+00:00,2026-09-25T13:05:09.219+00:00,21.62,flux-2-klein-4b.safetensors,,1344,768,1.03,4,True,False,True,0,False,halo_klein_ref_00329_.png,True
c2b07a6b-f26b-48f4-94f1-c04fa22a24a2,klein,success,2026-09-25T13:05:25.126+00:00,2026-09-25T13:05:33.784+00:00,8.66,flux-2-klein-4b.safetensors,,1344,768,1.03,4,False,False,False,6,False,halo_klein_00058_.png,False
0f2fcfdc-4002-4520-af1d-a8f362d9b5ec,klein,success,2026-09-25T13:05:50.230+00:00,2026-09-25T13:05:58.501+00:00,8.27,flux-2-klein-4b.safetensors,,1344,768,1.03,4,False,False,False,6,False,halo_klein_00059_.png,False
7b6fa4d8-6ce1-46fb-825e-852e4ff82935,qwen_edit,success,2026-09-25T13:06:14.292+00:00,2026-09-25T13:07:12.056+00:00,57.76,qwen_image_edit_2511_fp8mixed.safetensors,Qwen-Image-Edit-2511-Lightning-4steps-V1.0-bf16.safetensors,1328,800,1.06,4,False,True,True,0,False,halo_edit_00106_.png,True
c65d00be-d4c9-4e06-9c8d-6716f313776f,klein_ref,success,2026-09-25T13:07:27.676+00:00,2026-09-25T13:07:49.181+00:00,21.5,flux-2-klein-4b.safetensors,,1344,768,1.03,4,True,False,True,0,False,halo_klein_ref_00330_.png,False
2aaed43f-1300-44a1-927c-72d9b8cfde19,qwen_edit,success,2026-09-25T13:08:01.629+00:00,2026-09-25T13:08:58.954+00:00,57.33,qwen_image_edit_2511_fp8mixed.safetensors,Qwen-Image-Edit-2511-Lightning-4steps-V1.0-bf16.safetensors,1328,800,1.06,4,False,True,True,0,False,halo_edit_00107_.png,True
2e3f2cf7-f036-4417-b39c-d6ee5b909e4b,klein_ref,success,2026-09-25T13:09:20.014+00:00,2026-09-25T13:09:41.859+00:00,21.84,flux-2-klein-4b.safetensors,,1344,768,1.03,4,True,False,True,0,False,halo_klein_ref_00331_.png,False
89dd3b19-7b08-4cb7-b5b8-94797bbdd992,klein_ref,success,2026-09-25T13:09:58.491+00:00,2026-09-25T13:10:15.493+00:00,17.0,flux-2-klein-4b.safetensors,,1344,768,1.03,4,True,False,False,6,False,halo_klein_ref_00332_.png,False
0d5afe10-6feb-4bbf-bdda-856b77e8d2d7,qwen_edit,success,2026-09-25T13:10:28.116+00:00,2026-09-25T13:11:25.556+00:00,57.44,qwen_image_edit_2511_fp8mixed.safetensors,Qwen-Image-Edit-2511-Lightning-4steps-V1.0-bf16.safetensors,1328,800,1.06,4,False,True,True,0,False,halo_edit_00108_.png,True
f3dba220-e041-47f9-a9d6-c88fd2400549,klein_ref,success,2026-09-25T13:11:43.642+00:00,2026-09-25T13:12:05.175+00:00,21.53,flux-2-klein-4b.safetensors,,1344,768,1.03,4,True,False,True,0,False,halo_klein_ref_00333_.png,False
cd459087-f736-4050-8b50-94f1927540a9,klein_ref,success,2026-09-25T13:12:21.250+00:00,2026-09-25T13:12:37.642+00:00,16.39,flux-2-klein-4b.safetensors,,1344,768,1.03,4,True,False,False,7,False,halo_klein_ref_00334_.png,False
2cad9045-9eb8-4b98-8e1c-b66ea58707c3,qwen_edit,success,2026-09-25T13:12:55.281+00:00,2026-09-25T13:13:52.471+00:00,57.19,qwen_image_edit_2511_fp8mixed.safetensors,Qwen-Image-Edit-2511-Lightning-4steps-V1.0-bf16.safetensors,1328,800,1.06,4,False,True,True,0,False,halo_edit_00109_.png,False
e03ccebe-b0ac-46fd-a7e4-05790f4985b2,klein_ref,success,2026-09-25T13:14:08.875+00:00,2026-09-25T13:14:30.785+00:00,21.91,flux-2-klein-4b.safetensors,,1344,768,1.03,4,True,False,True,0,False,halo_klein_ref_00335_.png,False
3caeaf65-b6cd-4732-bf51-988710243b18,klein_ref,success,2026-09-25T13:14:47.884+00:00,2026-09-25T13:15:04.524+00:00,16.64,flux-2-klein-4b.safetensors,,1344,768,1.03,4,True,False,False,6,False,halo_klein_ref_00336_.png,False
431f9aa8-51ee-4f4e-9556-b789f33d3ef7,klein_ref,success,2026-09-25T13:15:21.785+00:00,2026-09-25T13:15:38.414+00:00,16.63,flux-2-klein-4b.safetensors,,1344,768,1.03,4,True,False,False,6,False,halo_klein_ref_00337_.png,True
7407b7ab-7000-48e8-acd8-ebf6356d5ae5,klein,success,2026-09-25T13:15:54.987+00:00,2026-09-25T13:16:03.130+00:00,8.14,flux-2-klein-4b.safetensors,,1344,768,1.03,4,False,False,False,6,False,halo_klein_00060_.png,True
8c92cc1b-c4c2-4076-a702-1e186518985f,klein_ref,success,2026-09-25T13:16:22.529+00:00,2026-09-25T13:16:39.129+00:00,16.6,flux-2-klein-4b.safetensors,,1344,768,1.03,4,True,False,False,6,False,halo_klein_ref_00338_.png,False
5a1a97bb-47c3-4e1b-bf73-0ab88192c957,klein_ref,success,2026-09-25T13:16:54.961+00:00,2026-09-25T13:17:10.947+00:00,15.99,flux-2-klein-4b.safetensors,,1344,768,1.03,4,True,False,False,6,False,halo_klein_ref_00339_.png,True
3c59e052-a716-4b31-aa05-2cbb28ef88d0,klein_ref,success,2026-09-25T13:17:42.025+00:00,2026-09-25T13:17:58.240+00:00,16.21,flux-2-klein-4b.safetensors,,1344,768,1.03,4,True,False,False,6,False,halo_klein_ref_00340_.png,False
653f4437-2db8-4982-8258-84ff8e606ec4,qwen_edit,success,2026-09-25T13:18:12.982+00:00,2026-09-25T13:19:09.955+00:00,56.97,qwen_image_edit_2511_fp8mixed.safetensors,Qwen-Image-Edit-2511-Lightning-4steps-V1.0-bf16.safetensors,1328,800,1.06,4,False,True,True,0,False,halo_edit_00110_.png,True
01af657e-f8ad-4555-9ce6-f3b350f93adf,klein,success,2026-09-25T13:19:31.269+00:00,2026-09-25T13:19:44.272+00:00,13.0,flux-2-klein-4b.safetensors,,1344,768,1.03,4,False,False,True,0,False,halo_klein_00061_.png,True
a470fa53-76d8-4415-a27c-0f0945aaca58,klein_ref,success,2026-09-25T13:20:01.706+00:00,2026-09-25T13:20:18.131+00:00,16.43,flux-2-klein-4b.safetensors,,1344,768,1.03,4,True,False,False,6,False,halo_klein_ref_00341_.png,True
6d19a0be-252b-4e04-9449-0f7303b520e1,klein,success,2026-09-25T13:20:35.621+00:00,2026-09-25T13:20:43.982+00:00,8.36,flux-2-klein-4b.safetensors,,1344,768,1.03,4,False,False,False,6,False,halo_klein_00062_.png,False
2e720320-d9da-4ff3-92a3-234581d68511,klein,success,2026-09-25T13:20:58.958+00:00,2026-09-25T13:21:07.486+00:00,8.53,flux-2-klein-4b.safetensors,,1344,768,1.03,4,False,False,False,6,False,halo_klein_00063_.png,True
42a74a3e-a6b1-44ee-999e-61cf6a3569ed,klein,success,2026-09-25T13:21:57.782+00:00,2026-09-25T13:22:06.336+00:00,8.55,flux-2-klein-4b.safetensors,,1344,768,1.03,4,False,False,False,6,False,halo_klein_00064_.png,False
13e0fd1d-c1ad-4438-8b77-c2c1a2ca40d8,klein,success,2026-09-25T13:22:25.453+00:00,2026-09-25T13:22:33.927+00:00,8.47,flux-2-klein-4b.safetensors,,1344,768,1.03,4,False,False,False,6,False,halo_klein_00065_.png,False
5c533349-4404-4fa0-b5af-b0914f5c1107,klein,success,2026-09-25T13:22:46.752+00:00,2026-09-25T13:22:55.608+00:00,8.86,flux-2-klein-4b.safetensors,,1344,768,1.03,4,False,False,False,6,False,halo_klein_00066_.png,False
ea2fe336-e524-41bc-a324-18a2dc3d2a96,qwen_edit,success,2026-09-25T13:23:07.416+00:00,2026-09-25T13:24:04.485+00:00,57.07,qwen_image_edit_2511_fp8mixed.safetensors,Qwen-Image-Edit-2511-Lightning-4steps-V1.0-bf16.safetensors,1328,800,1.06,4,False,True,True,0,False,halo_edit_00111_.png,False
d384be60-06b9-4f27-8477-845372743b0e,qwen_edit,success,2026-09-25T13:24:17.613+00:00,2026-09-25T13:24:56.131+00:00,38.52,qwen_image_edit_2511_fp8mixed.safetensors,Qwen-Image-Edit-2511-Lightning-4steps-V1.0-bf16.safetensors,1328,800,1.06,4,False,True,False,6,False,halo_edit_00112_.png,True
13af5631-596a-4b5f-8243-9ac48f0adccc,klein_ref,success,2026-09-25T13:25:10.798+00:00,2026-09-25T13:25:32.250+00:00,21.45,flux-2-klein-4b.safetensors,,1344,768,1.03,4,True,False,True,0,False,halo_klein_ref_00342_.png,False
39780cd7-5f91-41fe-8d8f-17dd9d4929bb,klein_ref,success,2026-09-25T13:25:47.698+00:00,2026-09-25T13:26:04.148+00:00,16.45,flux-2-klein-4b.safetensors,,1344,768,1.03,4,True,False,False,6,False,halo_klein_ref_00343_.png,False
34782246-b03b-49e0-bd04-1bcf2f3fd86d,qwen_edit,success,2026-09-25T13:26:16.947+00:00,2026-09-25T13:27:14.616+00:00,57.67,qwen_image_edit_2511_fp8mixed.safetensors,Qwen-Image-Edit-2511-Lightning-4steps-V1.0-bf16.safetensors,1328,800,1.06,4,False,True,True,0,False,halo_edit_00113_.png,True
cc948c85-178f-4b2a-a3ab-1bd4beb953c2,klein_ref,success,2026-09-25T13:27:32.438+00:00,2026-09-25T13:27:54.213+00:00,21.77,flux-2-klein-4b.safetensors,,1344,768,1.03,4,True,False,True,0,False,halo_klein_ref_00344_.png,False
e1d66346-b3d2-4986-964a-f1f144fdc0a7,klein_ref,success,2026-09-25T13:28:09.845+00:00,2026-09-25T13:28:26.596+00:00,16.75,flux-2-klein-4b.safetensors,,1344,768,1.03,4,True,False,False,6,False,halo_klein_ref_00345_.png,True
85064088-0eec-4e57-a910-a2d15ca6e219,klein,success,2026-09-25T13:28:46.799+00:00,2026-09-25T13:28:55.238+00:00,8.44,flux-2-klein-4b.safetensors,,1344,768,1.03,4,False,False,False,6,False,halo_klein_00067_.png,False
24519e4b-0d87-4f89-b6c1-1c4a2d2d16c5,klein_ref,success,2026-09-25T13:29:10.575+00:00,2026-09-25T13:29:27.127+00:00,16.55,flux-2-klein-4b.safetensors,,1344,768,1.03,4,True,False,False,6,False,halo_klein_ref_00346_.png,False
da2dd670-7f63-4111-9eae-a28087f36bf6,qwen_edit,success,2026-09-25T13:29:42.616+00:00,2026-09-25T13:30:41.389+00:00,58.77,qwen_image_edit_2511_fp8mixed.safetensors,Qwen-Image-Edit-2511-Lightning-4steps-V1.0-bf16.safetensors,1328,800,1.06,4,False,True,True,0,False,halo_edit_00114_.png,True
34a1d7b2-5944-4963-b368-7bc7bf90e900,klein,success,2026-09-25T13:30:58.660+00:00,2026-09-25T13:31:12.081+00:00,13.42,flux-2-klein-4b.safetensors,,1344,768,1.03,4,False,False,True,0,False,halo_klein_00068_.png,False
0e3fd805-aa80-4724-bfaa-06a753771174,klein,success,2026-09-25T13:31:26.439+00:00,2026-09-25T13:31:34.608+00:00,8.17,flux-2-klein-4b.safetensors,,1344,768,1.03,4,False,False,False,6,False,halo_klein_00069_.png,False
2050d0f9-66f9-4e33-8d8a-63ae0f9e3f53,klein,success,2026-09-25T13:31:51.449+00:00,2026-09-25T13:32:00.107+00:00,8.66,flux-2-klein-4b.safetensors,,1344,768,1.03,4,False,False,False,6,False,halo_klein_00070_.png,False
d3b1a9b9-d1e9-4160-9f44-56666d0649ca,qwen_edit,success,2026-09-25T13:32:13.499+00:00,2026-09-25T13:33:11.011+00:00,57.51,qwen_image_edit_2511_fp8mixed.safetensors,Qwen-Image-Edit-2511-Lightning-4steps-V1.0-bf16.safetensors,1328,800,1.06,4,False,True,True,0,False,halo_edit_00115_.png,True
9427dfdf-2d25-459c-8c94-3c8afb958ba5,klein,success,2026-09-25T13:33:28.400+00:00,2026-09-25T13:33:41.944+00:00,13.54,flux-2-klein-4b.safetensors,,1344,768,1.03,4,False,False,True,0,False,halo_klein_00071_.png,False
57541f7b-e544-4ff2-9768-59b36157096f,klein,success,2026-09-25T13:33:58.299+00:00,2026-09-25T13:34:06.976+00:00,8.68,flux-2-klein-4b.safetensors,,1344,768,1.03,4,False,False,False,6,False,halo_klein_00072_.png,False
68ddc773-e8fe-41c0-82f0-4f16ce468ae6,qwen_edit,success,2026-09-25T13:34:44.501+00:00,2026-09-25T13:35:41.495+00:00,56.99,qwen_image_edit_2511_fp8mixed.safetensors,Qwen-Image-Edit-2511-Lightning-4steps-V1.0-bf16.safetensors,1328,800,1.06,4,False,True,True,0,False,halo_edit_00116_.png,True
18c53715-0fdc-4050-8feb-76af9bee61b6,klein,success,2026-09-25T13:36:03.636+00:00,2026-09-25T13:36:17.496+00:00,13.86,flux-2-klein-4b.safetensors,,1344,768,1.03,4,False,False,True,0,False,halo_klein_00073_.png,False
e0f29840-d532-4def-9ee7-b1d4325bb22c,klein,success,2026-09-25T13:36:32.819+00:00,2026-09-25T13:36:41.208+00:00,8.39,flux-2-klein-4b.safetensors,,1344,768,1.03,4,False,False,False,6,False,halo_klein_00074_.png,True
e70ce47f-cd8c-46f8-ae59-c71b6d02d3aa,klein,success,2026-09-25T13:36:58.315+00:00,2026-09-25T13:37:06.956+00:00,8.64,flux-2-klein-4b.safetensors,,1344,768,1.03,4,False,False,False,6,False,halo_klein_00075_.png,True
19f93965-a750-4395-8e1d-d18bc621b686,klein,success,2026-09-25T13:37:24.690+00:00,2026-09-25T13:37:33.151+00:00,8.46,flux-2-klein-4b.safetensors,,1344,768,1.03,4,False,False,False,6,False,halo_klein_00076_.png,False
875f75f7-ec76-4174-9e8a-8a9e572b4ba4,klein,success,2026-09-25T13:37:49.416+00:00,2026-09-25T13:37:58.026+00:00,8.61,flux-2-klein-4b.safetensors,,1344,768,1.03,4,False,False,False,6,False,halo_klein_00077_.png,True
f040d2ba-46f8-47b1-a389-888c0625b157,klein,success,2026-09-25T13:38:17.370+00:00,2026-09-25T13:38:25.833+00:00,8.46,flux-2-klein-4b.safetensors,,1344,768,1.03,4,False,False,False,6,False,halo_klein_00078_.png,False
8767523f-8b9a-434f-a702-421975990c41,klein,success,2026-09-25T13:38:41.787+00:00,2026-09-25T13:38:50.279+00:00,8.49,flux-2-klein-4b.safetensors,,1344,768,1.03,4,False,False,False,6,False,halo_klein_00079_.png,False
a273144b-a1ea-42e7-b320-9b1082f7912c,qwen_edit,success,2026-09-25T13:39:04.416+00:00,2026-09-25T13:40:00.710+00:00,56.29,qwen_image_edit_2511_fp8mixed.safetensors,Qwen-Image-Edit-2511-Lightning-4steps-V1.0-bf16.safetensors,1328,800,1.06,4,False,True,True,0,False,halo_edit_00117_.png,True
c56a53c4-21e1-4a48-8ffc-b97d57bb338c,klein,success,2026-09-25T13:40:47.480+00:00,2026-09-25T13:41:01.370+00:00,13.89,flux-2-klein-4b.safetensors,,1344,768,1.03,4,False,False,True,0,False,halo_klein_00080_.png,False
d3fa7d95-8395-4d2e-9f2b-1785b6326859,qwen_edit,success,2026-09-25T13:41:18.843+00:00,2026-09-25T13:42:16.594+00:00,57.75,qwen_image_edit_2511_fp8mixed.safetensors,Qwen-Image-Edit-2511-Lightning-4steps-V1.0-bf16.safetensors,1328,800,1.06,4,False,True,True,0,False,halo_edit_00118_.png,True
cc4f4d79-5d4a-4bbc-a81c-8688ffdea8e1,klein,success,2026-09-25T13:42:35.307+00:00,2026-09-25T13:42:48.830+00:00,13.52,flux-2-klein-4b.safetensors,,1344,768,1.03,4,False,False,True,0,False,halo_klein_00081_.png,False
72895184-4fba-4304-adc5-79de770ffca8,klein,success,2026-09-25T13:43:05.321+00:00,2026-09-25T13:43:14.006+00:00,8.69,flux-2-klein-4b.safetensors,,1344,768,1.03,4,False,False,False,6,False,halo_klein_00082_.png,False
210f30cd-1fdd-40c6-8db2-87dbeaf0a9b1,qwen_edit,success,2026-09-25T13:43:27.642+00:00,2026-09-25T13:44:24.969+00:00,57.33,qwen_image_edit_2511_fp8mixed.safetensors,Qwen-Image-Edit-2511-Lightning-4steps-V1.0-bf16.safetensors,1328,800,1.06,4,False,True,True,0,False,halo_edit_00119_.png,True
9bba6f41-a5fc-425b-840d-12d20e112cf1,klein_ref,success,2026-09-25T13:44:44.100+00:00,2026-09-25T13:45:05.916+00:00,21.82,flux-2-klein-4b.safetensors,,1344,768,1.03,4,True,False,True,0,False,halo_klein_ref_00347_.png,True
10303d95-e7d7-4b60-9c91-f1695c0544bc,klein_ref,success,2026-09-25T13:45:21.112+00:00,2026-09-25T13:45:37.713+00:00,16.6,flux-2-klein-4b.safetensors,,1344,768,1.03,4,True,False,False,6,False,halo_klein_ref_00348_.png,False
f660cfd0-3c40-4fd9-b4f8-2cf4f47224ed,qwen_edit,success,2026-09-25T13:45:52.601+00:00,2026-09-25T13:46:50.874+00:00,58.27,qwen_image_edit_2511_fp8mixed.safetensors,Qwen-Image-Edit-2511-Lightning-4steps-V1.0-bf16.safetensors,1328,800,1.06,4,False,True,True,0,False,halo_edit_00120_.png,True
8d7d1243-738b-4ac6-8ae9-76b95ea97790,klein,success,2026-09-25T13:47:10.463+00:00,2026-09-25T13:47:23.791+00:00,13.33,flux-2-klein-4b.safetensors,,1344,768,1.03,4,False,False,True,0,False,halo_klein_00083_.png,False
5d66cb22-f28c-493b-9a39-57e701db562e,klein,success,2026-09-25T13:47:39.873+00:00,2026-09-25T13:47:48.627+00:00,8.75,flux-2-klein-4b.safetensors,,1344,768,1.03,4,False,False,False,6,False,halo_klein_00084_.png,True
676342dc-715e-42f9-b78e-6b1fa7729a25,klein,success,2026-09-25T13:48:07.609+00:00,2026-09-25T13:48:15.615+00:00,8.01,flux-2-klein-4b.safetensors,,1344,768,1.03,4,False,False,False,6,False,halo_klein_00085_.png,True
f4073fbb-2451-4e4b-ba20-c1dc742f1f31,klein,success,2026-09-25T13:49:01.567+00:00,2026-09-25T13:49:09.937+00:00,8.37,flux-2-klein-4b.safetensors,,1344,768,1.03,4,False,False,False,6,False,halo_klein_00086_.png,False
99c0e884-5c66-41db-8966-b6176b3e83bc,qwen_edit,success,2026-09-25T13:49:23.693+00:00,2026-09-25T13:50:20.822+00:00,57.13,qwen_image_edit_2511_fp8mixed.safetensors,Qwen-Image-Edit-2511-Lightning-4steps-V1.0-bf16.safetensors,1328,800,1.06,4,False,True,True,0,False,halo_edit_00121_.png,True
0cb820e0-96bf-4cdc-99eb-d505af4d6772,klein_ref,success,2026-09-25T13:50:37.908+00:00,2026-09-25T13:50:59.387+00:00,21.48,flux-2-klein-4b.safetensors,,1344,768,1.03,4,True,False,True,0,False,halo_klein_ref_00349_.png,False
255784b2-5ab5-4602-bacb-7869934f2c43,klein_ref,success,2026-09-25T13:51:18.639+00:00,2026-09-25T13:51:35.529+00:00,16.89,flux-2-klein-4b.safetensors,,1344,768,1.03,4,True,False,False,6,False,halo_klein_ref_00350_.png,True
9bcce1b4-f915-4bf6-b84e-036c675f8535,klein_ref,success,2026-09-25T13:51:55.029+00:00,2026-09-25T13:52:11.952+00:00,16.92,flux-2-klein-4b.safetensors,,1344,768,1.03,4,True,False,False,6,False,halo_klein_ref_00351_.png,False
ba130e79-ab92-4bba-b954-d1dd631b0504,klein_ref,success,2026-09-25T13:52:41.924+00:00,2026-09-25T13:52:58.094+00:00,16.17,flux-2-klein-4b.safetensors,,1344,768,1.03,4,True,False,False,7,False,halo_klein_ref_00352_.png,True
29db950c-0873-4d33-a110-030ddc52b3a7,klein_ref,success,2026-09-25T13:53:37.366+00:00,2026-09-25T13:53:53.713+00:00,16.35,flux-2-klein-4b.safetensors,,1344,768,1.03,4,True,False,False,6,False,halo_klein_ref_00353_.png,False
f8007b30-a56c-4662-9b3b-4cac02e0c558,klein_ref,success,2026-09-25T13:54:07.091+00:00,2026-09-25T13:54:23.730+00:00,16.64,flux-2-klein-4b.safetensors,,1344,768,1.03,4,True,False,False,6,False,halo_klein_ref_00354_.png,False
ee98d55c-afde-477b-b7f5-4283aa938b5a,qwen_edit,success,2026-09-25T13:54:44.193+00:00,2026-09-25T13:55:42.064+00:00,57.87,qwen_image_edit_2511_fp8mixed.safetensors,Qwen-Image-Edit-2511-Lightning-4steps-V1.0-bf16.safetensors,1328,800,1.06,4,False,True,True,0,False,halo_edit_00122_.png,True
3b84e8bd-bb2c-425a-bd1f-27bc004002ff,klein,success,2026-09-25T13:55:55.449+00:00,2026-09-25T13:56:08.951+00:00,13.5,flux-2-klein-4b.safetensors,,1344,768,1.03,4,False,False,True,0,False,halo_klein_00087_.png,False
40506b17-95af-45d0-b40c-b6a524478522,klein,success,2026-09-25T13:56:44.367+00:00,2026-09-25T13:56:52.745+00:00,8.38,flux-2-klein-4b.safetensors,,1344,768,1.03,4,False,False,False,6,False,halo_klein_00088_.png,False
a03562fa-d319-4dc3-b417-545ab34acf8a,qwen_edit,success,2026-09-25T13:57:04.818+00:00,2026-09-25T13:58:01.619+00:00,56.8,qwen_image_edit_2511_fp8mixed.safetensors,Qwen-Image-Edit-2511-Lightning-4steps-V1.0-bf16.safetensors,1328,800,1.06,4,False,True,True,0,False,halo_edit_00123_.png,True
18b98851-b4bc-416e-9849-f679bbc04c01,klein_ref,success,2026-09-25T13:58:20.102+00:00,2026-09-25T13:58:41.791+00:00,21.69,flux-2-klein-4b.safetensors,,1344,768,1.03,4,True,False,True,0,False,halo_klein_ref_00355_.png,False
6bbdb4eb-42f6-4829-a7a7-1243ad598813,qwen_edit,success,2026-09-25T13:58:53.438+00:00,2026-09-25T13:59:51.021+00:00,57.58,qwen_image_edit_2511_fp8mixed.safetensors,Qwen-Image-Edit-2511-Lightning-4steps-V1.0-bf16.safetensors,1328,800,1.06,4,False,True,True,0,False,halo_edit_00124_.png,True
6045a117-2068-4997-b368-82f6439d5ed2,klein_ref,success,2026-09-25T14:00:04.953+00:00,2026-09-25T14:00:25.952+00:00,21.0,flux-2-klein-4b.safetensors,,1344,768,1.03,4,True,False,True,0,False,halo_klein_ref_00356_.png,True
fa122151-80bd-4691-847f-b80407aa78c6,klein_ref,success,2026-09-25T14:00:44.680+00:00,2026-09-25T14:01:01.624+00:00,16.94,flux-2-klein-4b.safetensors,,1344,768,1.03,4,True,False,False,6,False,halo_klein_ref_00357_.png,False
f2b130f7-1dbe-4ea5-96e4-c1af0ee479ff,qwen_edit,success,2026-09-25T14:01:35.749+00:00,2026-09-25T14:02:32.827+00:00,57.08,qwen_image_edit_2511_fp8mixed.safetensors,Qwen-Image-Edit-2511-Lightning-4steps-V1.0-bf16.safetensors,1328,800,1.06,4,False,True,True,0,False,halo_edit_00125_.png,False
655d5e8a-3380-44f3-9cc4-92daac8bf25c,klein_ref,success,2026-09-25T14:02:48.479+00:00,2026-09-25T14:03:09.901+00:00,21.42,flux-2-klein-4b.safetensors,,1344,768,1.03,4,True,False,True,0,False,halo_klein_ref_00358_.png,True
c66dbcdc-95a8-40a7-afa6-76ab385f7cd2,klein,success,2026-09-25T14:03:23.380+00:00,2026-09-25T14:03:31.878+00:00,8.5,flux-2-klein-4b.safetensors,,1344,768,1.03,4,False,False,False,6,False,halo_klein_00089_.png,False
28cc9b18-c718-43e8-a5e3-44176ea1cf6a,qwen_edit,success,2026-09-25T14:03:43.148+00:00,2026-09-25T14:04:39.915+00:00,56.77,qwen_image_edit_2511_fp8mixed.safetensors,Qwen-Image-Edit-2511-Lightning-4steps-V1.0-bf16.safetensors,1328,800,1.06,4,False,True,True,0,False,halo_edit_00126_.png,True
afe437d8-11cc-4c24-9fce-f1988801e419,klein_ref,success,2026-09-25T14:04:55.722+00:00,2026-09-25T14:05:17.231+00:00,21.51,flux-2-klein-4b.safetensors,,1344,768,1.03,4,True,False,True,0,False,halo_klein_ref_00359_.png,False
fc933545-a8f4-4017-b636-b5543ac5d00f,qwen_edit,success,2026-09-25T14:05:29.163+00:00,2026-09-25T14:06:25.889+00:00,56.73,qwen_image_edit_2511_fp8mixed.safetensors,Qwen-Image-Edit-2511-Lightning-4steps-V1.0-bf16.safetensors,1328,800,1.06,4,False,True,True,0,False,halo_edit_00127_.png,False
c007bc22-a50e-4409-9805-d4848f906028,klein_ref,success,2026-09-25T14:06:42.426+00:00,2026-09-25T14:07:04.287+00:00,21.86,flux-2-klein-4b.safetensors,,1344,768,1.03,4,True,False,True,0,False,halo_klein_ref_00360_.png,True
2372615c-c15c-4fd5-aaa0-a9c9544e1baf,klein_ref,success,2026-09-25T14:07:18.781+00:00,2026-09-25T14:07:35.349+00:00,16.57,flux-2-klein-4b.safetensors,,1344,768,1.03,4,True,False,False,6,False,halo_klein_ref_00361_.png,True
9e570870-14a6-4583-966f-c16feb6796c5,klein_ref,success,2026-09-25T14:07:55.098+00:00,2026-09-25T14:08:11.520+00:00,16.42,flux-2-klein-4b.safetensors,,1344,768,1.03,4,True,False,False,6,False,halo_klein_ref_00362_.png,False
86cc685b-2660-4aa9-a9e7-7a18039e7a44,qwen_edit,success,2026-09-25T14:08:43.977+00:00,2026-09-25T14:09:40.058+00:00,56.08,qwen_image_edit_2511_fp8mixed.safetensors,Qwen-Image-Edit-2511-Lightning-4steps-V1.0-bf16.safetensors,1328,800,1.06,4,False,True,True,0,False,halo_edit_00128_.png,True
5f66d733-1fc9-4565-80da-dffc84bcd532,klein,success,2026-09-25T14:09:56.535+00:00,2026-09-25T14:10:09.889+00:00,13.35,flux-2-klein-4b.safetensors,,1344,768,1.03,4,False,False,True,0,False,halo_klein_00090_.png,False
20c5f2be-d355-4585-9739-d5784541eb60,klein,success,2026-09-25T14:10:22.602+00:00,2026-09-25T14:10:31.268+00:00,8.67,flux-2-klein-4b.safetensors,,1344,768,1.03,4,False,False,False,6,False,halo_klein_00091_.png,False
a19214f5-5b9f-4daf-b231-f7540efba2a1,klein,success,2026-09-25T14:10:44.921+00:00,2026-09-25T14:10:53.583+00:00,8.66,flux-2-klein-4b.safetensors,,1344,768,1.03,4,False,False,False,6,False,halo_klein_00092_.png,True
656d2165-d9e3-44dd-9506-31fb35440728,klein_ref,success,2026-09-25T14:11:08.196+00:00,2026-09-25T14:11:24.440+00:00,16.24,flux-2-klein-4b.safetensors,,1344,768,1.03,4,True,False,False,6,False,halo_klein_ref_00363_.png,False
59579acf-41c8-4dfa-ab7a-517bd3561e8f,klein_ref,success,2026-09-25T14:11:38.590+00:00,2026-09-25T14:11:54.903+00:00,16.31,flux-2-klein-4b.safetensors,,1344,768,1.03,4,True,False,False,6,False,halo_klein_ref_00364_.png,True
3589fe4d-d618-40fb-82a2-31c514a745f4,klein,success,2026-09-25T14:12:38.079+00:00,2026-09-25T14:12:46.283+00:00,8.2,flux-2-klein-4b.safetensors,,1344,768,1.03,4,False,False,False,6,False,halo_klein_00093_.png,False
1fbe48fd-ce41-488e-9c34-2b2f23a4048f,qwen_edit,success,2026-09-25T14:13:00.934+00:00,2026-09-25T14:13:57.068+00:00,56.13,qwen_image_edit_2511_fp8mixed.safetensors,Qwen-Image-Edit-2511-Lightning-4steps-V1.0-bf16.safetensors,1328,800,1.06,4,False,True,True,0,False,halo_edit_00129_.png,True
18e68b5b-195d-474d-9443-922a8850e870,klein_ref,success,2026-09-25T14:14:16.704+00:00,2026-09-25T14:14:38.321+00:00,21.62,flux-2-klein-4b.safetensors,,1344,768,1.03,4,True,False,True,0,False,halo_klein_ref_00365_.png,False
c04540ea-d867-4598-a0c1-b3d9af28e0da,klein_ref,success,2026-09-25T14:14:53.842+00:00,2026-09-25T14:15:10.530+00:00,16.69,flux-2-klein-4b.safetensors,,1344,768,1.03,4,True,False,False,6,False,halo_klein_ref_00366_.png,True
0a23c1ce-7681-4473-ab14-c1be98279d28,qwen_edit,success,2026-09-25T14:15:24.406+00:00,2026-09-25T14:16:22.416+00:00,58.01,qwen_image_edit_2511_fp8mixed.safetensors,Qwen-Image-Edit-2511-Lightning-4steps-V1.0-bf16.safetensors,1328,800,1.06,4,False,True,True,0,False,halo_edit_00130_.png,False
77b57dc4-712a-413f-a0f9-3492171fed0d,klein_ref,success,2026-09-25T14:16:43.227+00:00,2026-09-25T14:17:04.856+00:00,21.63,flux-2-klein-4b.safetensors,,1344,768,1.03,4,True,False,True,0,False,halo_klein_ref_00367_.png,True
23a1be9f-52e7-4de3-a29c-b4ed38fcab8f,klein_ref,success,2026-09-25T14:17:20.225+00:00,2026-09-25T14:17:36.956+00:00,16.73,flux-2-klein-4b.safetensors,,1344,768,1.03,4,True,False,False,6,False,halo_klein_ref_00368_.png,False
e7154266-156e-435b-b796-4835b01829bf,klein_ref,success,2026-09-25T14:17:52.828+00:00,2026-09-25T14:18:09.173+00:00,16.34,flux-2-klein-4b.safetensors,,1344,768,1.03,4,True,False,False,7,False,halo_klein_ref_00369_.png,True
37e16260-0815-4d1f-98e1-ffa590debc4c,klein_ref,success,2026-09-25T14:18:24.902+00:00,2026-09-25T14:18:41.900+00:00,17.0,flux-2-klein-4b.safetensors,,1344,768,1.03,4,True,False,False,6,False,halo_klein_ref_00370_.png,False
c747f0d3-6fa9-4980-8c14-ab512783bf30,qwen_edit,success,2026-09-25T14:18:55.875+00:00,2026-09-25T14:19:53.582+00:00,57.71,qwen_image_edit_2511_fp8mixed.safetensors,Qwen-Image-Edit-2511-Lightning-4steps-V1.0-bf16.safetensors,1328,800,1.06,4,False,True,True,0,False,halo_edit_00131_.png,True
e933b07f-4092-4fd4-a1a1-62dc7355a9e0,klein_ref,success,2026-09-25T14:20:11.708+00:00,2026-09-25T14:20:33.221+00:00,21.51,flux-2-klein-4b.safetensors,,1344,768,1.03,4,True,False,True,0,False,halo_klein_ref_00371_.png,False
d144940f-c360-4249-a007-601ab299851d,klein_ref,success,2026-09-25T14:20:49.841+00:00,2026-09-25T14:21:06.424+00:00,16.58,flux-2-klein-4b.safetensors,,1344,768,1.03,4,True,False,False,6,False,halo_klein_ref_00372_.png,False
807f08a3-42e4-4ac4-a701-ad0c0ea5ae6e,qwen_edit,success,2026-09-25T14:21:19.862+00:00,2026-09-25T14:22:17.621+00:00,57.76,qwen_image_edit_2511_fp8mixed.safetensors,Qwen-Image-Edit-2511-Lightning-4steps-V1.0-bf16.safetensors,1328,800,1.06,4,False,True,True,0,False,halo_edit_00132_.png,True
ae4c3817-58fc-4f73-9d75-4116375445b5,klein_ref,success,2026-09-25T14:22:40.931+00:00,2026-09-25T14:23:02.993+00:00,22.06,flux-2-klein-4b.safetensors,,1344,768,1.03,4,True,False,True,0,False,halo_klein_ref_00373_.png,False
2dd8f2e1-9004-4170-9e4a-a5e0785cae0e,klein_ref,success,2026-09-25T14:23:16.110+00:00,2026-09-25T14:23:32.936+00:00,16.83,flux-2-klein-4b.safetensors,,1344,768,1.03,4,True,False,False,7,False,halo_klein_ref_00374_.png,True
2466fefa-d693-4011-a542-3baa6aee1865,klein_ref,success,2026-09-25T14:23:51.119+00:00,2026-09-25T14:24:08.377+00:00,17.26,flux-2-klein-4b.safetensors,,1344,768,1.03,4,True,False,False,6,False,halo_klein_ref_00375_.png,False
b89a9ead-f0a3-4d03-830d-f878406be032,klein_ref,success,2026-09-25T14:24:22.491+00:00,2026-09-25T14:24:39.079+00:00,16.59,flux-2-klein-4b.safetensors,,1344,768,1.03,4,True,False,False,6,False,halo_klein_ref_00376_.png,False
3f0b2e0b-9d59-4bc3-82ab-c14265822ff2,qwen_edit,success,2026-09-25T14:24:49.833+00:00,2026-09-25T14:25:46.967+00:00,57.13,qwen_image_edit_2511_fp8mixed.safetensors,Qwen-Image-Edit-2511-Lightning-4steps-V1.0-bf16.safetensors,1328,800,1.06,4,False,True,True,0,False,halo_edit_00133_.png,True
b7a22197-dedf-43a8-982c-4d15a5a2bb2e,klein_ref,success,2026-09-25T14:26:00.167+00:00,2026-09-25T14:26:21.511+00:00,21.34,flux-2-klein-4b.safetensors,,1344,768,1.03,4,True,False,True,0,False,halo_klein_ref_00377_.png,False
f7f43042-3f13-477b-8a58-08022f0fdee5,qwen_edit,success,2026-09-25T14:26:34.486+00:00,2026-09-25T14:27:32.086+00:00,57.6,qwen_image_edit_2511_fp8mixed.safetensors,Qwen-Image-Edit-2511-Lightning-4steps-V1.0-bf16.safetensors,1328,800,1.06,4,False,True,True,0,False,halo_edit_00134_.png,False
3bab7de2-b037-4675-a39d-10f1686ff1f0,klein_ref,success,2026-09-25T14:27:46.542+00:00,2026-09-25T14:28:07.833+00:00,21.29,flux-2-klein-4b.safetensors,,1344,768,1.03,4,True,False,True,0,False,halo_klein_ref_00378_.png,True
c35d0c8c-4234-442b-8bcf-b5c2d48573c7,klein_ref,success,2026-09-25T14:28:21.126+00:00,2026-09-25T14:28:38.233+00:00,17.11,flux-2-klein-4b.safetensors,,1344,768,1.03,4,True,False,False,6,False,halo_klein_ref_00379_.png,False
37adb9e3-db3a-4ed5-850d-c8869494e4a6,qwen_edit,success,2026-09-25T14:28:51.257+00:00,2026-09-25T14:29:48.467+00:00,57.21,qwen_image_edit_2511_fp8mixed.safetensors,Qwen-Image-Edit-2511-Lightning-4steps-V1.0-bf16.safetensors,1328,800,1.06,4,False,True,True,0,False,halo_edit_00135_.png,True
f723c0ea-6a65-416b-9aba-f9aa2c367b5f,klein_ref,success,2026-09-25T14:30:04.401+00:00,2026-09-25T14:30:25.900+00:00,21.5,flux-2-klein-4b.safetensors,,1344,768,1.03,4,True,False,True,0,False,halo_klein_ref_00380_.png,False
eaa8a3b8-0fd7-45e5-a7f1-53ae8a6a7dd3,klein_ref,success,2026-09-25T14:30:41.498+00:00,2026-09-25T14:30:57.845+00:00,16.35,flux-2-klein-4b.safetensors,,1344,768,1.03,4,True,False,False,6,False,halo_klein_ref_00381_.png,False
ac3a84d5-2f65-4d83-b03e-223bb348ef45,klein_ref,success,2026-09-25T14:31:13.208+00:00,2026-09-25T14:31:30.162+00:00,16.95,flux-2-klein-4b.safetensors,,1344,768,1.03,4,True,False,False,7,False,halo_klein_ref_00382_.png,False
2c29db10-9f48-4436-85f0-230df3d1415d,klein,success,2026-09-25T14:31:43.409+00:00,2026-09-25T14:31:51.483+00:00,8.07,flux-2-klein-4b.safetensors,,1344,768,1.03,4,False,False,False,6,False,halo_klein_00094_.png,False
8d25aa7c-2d77-4661-94e9-a6361cee82f6,qwen_edit,success,2026-09-25T14:32:04.347+00:00,2026-09-25T14:33:00.927+00:00,56.58,qwen_image_edit_2511_fp8mixed.safetensors,Qwen-Image-Edit-2511-Lightning-4steps-V1.0-bf16.safetensors,1328,800,1.06,4,False,True,True,0,False,halo_edit_00136_.png,True
dc020843-2bff-49bf-8e6b-226b064ec65b,klein_ref,success,2026-09-25T14:33:18.102+00:00,2026-09-25T14:33:38.992+00:00,20.89,flux-2-klein-4b.safetensors,,1344,768,1.03,4,True,False,True,0,False,halo_klein_ref_00383_.png,True
09ad02aa-5fdc-4828-bcd6-4e7ed8b2c4ad,klein_ref,success,2026-09-25T14:33:54.052+00:00,2026-09-25T14:34:10.564+00:00,16.51,flux-2-klein-4b.safetensors,,1344,768,1.03,4,True,False,False,6,False,halo_klein_ref_00384_.png,True
ccee6646-7490-4b56-8786-b9fb0c918e88,klein_ref,success,2026-09-25T14:34:32.335+00:00,2026-09-25T14:34:48.597+00:00,16.26,flux-2-klein-4b.safetensors,,1344,768,1.03,4,True,False,False,6,False,halo_klein_ref_00385_.png,False
5e8f5bb4-ecfd-47dd-b74c-af27a7780f93,qwen_edit,success,2026-09-25T14:35:03.278+00:00,2026-09-25T14:36:00.747+00:00,57.47,qwen_image_edit_2511_fp8mixed.safetensors,Qwen-Image-Edit-2511-Lightning-4steps-V1.0-bf16.safetensors,1328,800,1.06,4,False,True,True,0,False,halo_edit_00137_.png,True
3f7598db-d6de-4ae2-a0a8-cfe4045bdf3d,klein_ref,success,2026-09-25T14:36:21.734+00:00,2026-09-25T14:36:43.257+00:00,21.52,flux-2-klein-4b.safetensors,,1344,768,1.03,4,True,False,True,0,False,halo_klein_ref_00386_.png,False
8313d007-bea3-4b59-aee5-2d89d4394eca,klein_ref,success,2026-09-25T14:37:26.612+00:00,2026-09-25T14:37:43.450+00:00,16.84,flux-2-klein-4b.safetensors,,1344,768,1.03,4,True,False,False,6,False,halo_klein_ref_00387_.png,False
c489d281-00fc-4349-8c74-9f8207e52d9d,qwen_edit,success,2026-09-25T14:38:17.986+00:00,2026-09-25T14:39:14.830+00:00,56.84,qwen_image_edit_2511_fp8mixed.safetensors,Qwen-Image-Edit-2511-Lightning-4steps-V1.0-bf16.safetensors,1328,800,1.06,4,False,True,True,0,False,halo_edit_00138_.png,True
5f50fdfd-1653-4713-ba38-c1bb3b8bb35f,klein_ref,success,2026-09-25T14:39:31.587+00:00,2026-09-25T14:39:53.134+00:00,21.55,flux-2-klein-4b.safetensors,,1344,768,1.03,4,True,False,True,0,False,halo_klein_ref_00388_.png,False
7df4608a-5085-4989-81b6-d2bb5d415a4f,qwen_edit,success,2026-09-25T14:40:05.556+00:00,2026-09-25T14:41:03.045+00:00,57.49,qwen_image_edit_2511_fp8mixed.safetensors,Qwen-Image-Edit-2511-Lightning-4steps-V1.0-bf16.safetensors,1328,800,1.06,4,False,True,True,0,False,halo_edit_00139_.png,True
3f91710a-30f3-4dcc-bd10-10b2186f48d0,klein_ref,success,2026-09-25T14:41:20.073+00:00,2026-09-25T14:41:41.922+00:00,21.85,flux-2-klein-4b.safetensors,,1344,768,1.03,4,True,False,True,0,False,halo_klein_ref_00389_.png,False
6b8cd593-7f0f-4be7-a847-6456f1e59eb1,klein_ref,success,2026-09-25T14:41:55.677+00:00,2026-09-25T14:42:12.225+00:00,16.55,flux-2-klein-4b.safetensors,,1344,768,1.03,4,True,False,False,6,False,halo_klein_ref_00390_.png,True
5f117c4d-575d-4c47-ab35-80ca556e84f8,klein_ref,success,2026-09-25T14:42:26.852+00:00,2026-09-25T14:42:43.679+00:00,16.83,flux-2-klein-4b.safetensors,,1344,768,1.03,4,True,False,False,6,False,halo_klein_ref_00391_.png,True
